{"domDurationObj":0.14,"dateObj":"14/11/2019 06:03:23","msgsObj":359,"metricObj":{"Timestamp":5335915.888158,"Documents":2,"Frames":2,"JSEventListeners":239,"Nodes":13383,"LayoutCount":39,"RecalcStyleCount":216,"LayoutDuration":0.661643,"RecalcStyleDuration":1.780875,"ScriptDuration":2.211591,"TaskDuration":5.334767,"JSHeapUsedSize":32608568,"JSHeapTotalSize":66891776},"performanceObj":{"timeOrigin":1573765393263.5837,"timing":{"navigationStart":1573765393263,"unloadEventStart":1573765393362,"unloadEventEnd":1573765393362,"redirectStart":1573765393264,"redirectEnd":1573765393309,"fetchStart":1573765393309,"domainLookupStart":1573765393309,"domainLookupEnd":1573765393309,"connectStart":1573765393309,"connectEnd":1573765393309,"secureConnectionStart":0,"requestStart":1573765393310,"responseStart":1573765393358,"responseEnd":1573765393359,"domLoading":1573765393367,"domInteractive":1573765395478,"domContentLoadedEventStart":1573765395478,"domContentLoadedEventEnd":1573765395515,"domComplete":1573765395610,"loadEventStart":1573765395610,"loadEventEnd":1573765395610},"navigation":{"type":0,"redirectCount":1}}}
