{"dateObj":"14/11/2019 06:03:25","totalMsgsObj":359,"domDurationObj":0.137,"miniMongoDurationObj":-1572191.64,"metricObj":{"Timestamp":5335917.201955,"Documents":2,"Frames":2,"JSEventListeners":244,"Nodes":13383,"LayoutCount":40,"RecalcStyleCount":219,"LayoutDuration":0.659034,"RecalcStyleDuration":1.799784,"ScriptDuration":2.261453,"TaskDuration":5.454731,"JSHeapUsedSize":34370728,"JSHeapTotalSize":66629632},"performanceObj":{"timeOrigin":1573765393272.014,"timing":{"navigationStart":1573765393272,"unloadEventStart":1573765393372,"unloadEventEnd":1573765393372,"redirectStart":1573765393272,"redirectEnd":1573765393315,"fetchStart":1573765393315,"domainLookupStart":1573765393315,"domainLookupEnd":1573765393315,"connectStart":1573765393315,"connectEnd":1573765393315,"secureConnectionStart":0,"requestStart":1573765393317,"responseStart":1573765393368,"responseEnd":1573765393369,"domLoading":1573765393375,"domInteractive":1573765395461,"domContentLoadedEventStart":1573765395461,"domContentLoadedEventEnd":1573765395494,"domComplete":1573765395588,"loadEventStart":1573765395588,"loadEventEnd":1573765395588},"navigation":{"type":0,"redirectCount":1}}}
