{"dateObj":"2019-11-11T17:20:11.697Z","itemsObj":0,"metricObj":{"Timestamp":528552.114586,"Documents":3,"Frames":2,"JSEventListeners":213,"Nodes":5778,"LayoutCount":38,"RecalcStyleCount":128,"LayoutDuration":0.389573,"RecalcStyleDuration":0.305427,"ScriptDuration":3.171774,"TaskDuration":6.018843,"JSHeapUsedSize":22829520,"JSHeapTotalSize":60338176},"performanceObj":{"timeOrigin":1573492803787.7979,"timing":{"navigationStart":1573492803787,"unloadEventStart":1573492803929,"unloadEventEnd":1573492803929,"redirectStart":1573492803801,"redirectEnd":1573492803862,"fetchStart":1573492803862,"domainLookupStart":1573492803862,"domainLookupEnd":1573492803862,"connectStart":1573492803862,"connectEnd":1573492803862,"secureConnectionStart":0,"requestStart":1573492803871,"responseStart":1573492803925,"responseEnd":1573492803960,"domLoading":1573492803939,"domInteractive":1573492807210,"domContentLoadedEventStart":1573492807210,"domContentLoadedEventEnd":1573492807312,"domComplete":1573492807342,"loadEventStart":1573492807342,"loadEventEnd":1573492807342},"navigation":{"type":0,"redirectCount":1}}},
