{"dateObj":"16/11/2019 03:13:26","totalMsgsObj":413,"domDurationObj":0.173,"miniMongoDurationObj":null,"metricObj":{"Timestamp":5498520.416065,"Documents":5,"Frames":2,"JSEventListeners":246,"Nodes":15046,"LayoutCount":40,"RecalcStyleCount":222,"LayoutDuration":0.68716,"RecalcStyleDuration":2.04474,"ScriptDuration":2.397277,"TaskDuration":5.863254,"JSHeapUsedSize":38059680,"JSHeapTotalSize":68988928},"performanceObj":{"timeOrigin":1573927995317.661,"timing":{"navigationStart":1573927995317,"unloadEventStart":1573927995437,"unloadEventEnd":1573927995437,"redirectStart":1573927995317,"redirectEnd":1573927995369,"fetchStart":1573927995369,"domainLookupStart":1573927995369,"domainLookupEnd":1573927995369,"connectStart":1573927995369,"connectEnd":1573927995369,"secureConnectionStart":0,"requestStart":1573927995370,"responseStart":1573927995432,"responseEnd":1573927995433,"domLoading":1573927995441,"domInteractive":1573927997614,"domContentLoadedEventStart":1573927997614,"domContentLoadedEventEnd":1573927997653,"domComplete":1573927997778,"loadEventStart":1573927997778,"loadEventEnd":1573927997778},"navigation":{"type":0,"redirectCount":1}}}
