{"domDurationObj":0.172,"dateObj":"16/11/2019 03:13:25","msgsObj":413,"metricObj":{"Timestamp":5498519.143817,"Documents":2,"Frames":2,"JSEventListeners":245,"Nodes":14571,"LayoutCount":40,"RecalcStyleCount":207,"LayoutDuration":0.79657,"RecalcStyleDuration":2.077906,"ScriptDuration":2.36664,"TaskDuration":5.980857,"JSHeapUsedSize":35067816,"JSHeapTotalSize":67153920},"performanceObj":{"timeOrigin":1573927995397.655,"timing":{"navigationStart":1573927995397,"unloadEventStart":1573927995507,"unloadEventEnd":1573927995507,"redirectStart":1573927995398,"redirectEnd":1573927995444,"fetchStart":1573927995444,"domainLookupStart":1573927995444,"domainLookupEnd":1573927995444,"connectStart":1573927995444,"connectEnd":1573927995444,"secureConnectionStart":0,"requestStart":1573927995445,"responseStart":1573927995502,"responseEnd":1573927995503,"domLoading":1573927995512,"domInteractive":1573927997794,"domContentLoadedEventStart":1573927997794,"domContentLoadedEventEnd":1573927997823,"domComplete":1573927997943,"loadEventStart":1573927997943,"loadEventEnd":1573927997943},"navigation":{"type":0,"redirectCount":1}}}
