{"domDurationObj":0.005,"dateObj":"18/11/2019 05:40:59","msgsObj":7,"metricObj":{"Timestamp":30371.917213,"Documents":5,"Frames":2,"JSEventListeners":1356,"Nodes":6977,"LayoutCount":51,"RecalcStyleCount":373,"LayoutDuration":0.502886,"RecalcStyleDuration":0.595001,"ScriptDuration":8.314396,"TaskDuration":12.711122,"JSHeapUsedSize":43777272,"JSHeapTotalSize":71897088},"performanceObj":{"timeOrigin":1574109637736.432,"timing":{"navigationStart":1574109637736,"unloadEventStart":1574109637940,"unloadEventEnd":1574109637940,"redirectStart":1574109637748,"redirectEnd":1574109637768,"fetchStart":1574109637768,"domainLookupStart":1574109637768,"domainLookupEnd":1574109637768,"connectStart":1574109637768,"connectEnd":1574109637768,"secureConnectionStart":0,"requestStart":1574109637769,"responseStart":1574109637936,"responseEnd":1574109637946,"domLoading":1574109637947,"domInteractive":1574109644477,"domContentLoadedEventStart":1574109644477,"domContentLoadedEventEnd":1574109644555,"domComplete":1574109644738,"loadEventStart":1574109644738,"loadEventEnd":1574109644738},"navigation":{"type":0,"redirectCount":1}}}
