{"domDurationObj":0.174,"dateObj":"16/11/2019 03:11:31","msgsObj":393,"metricObj":{"Timestamp":5498405.249209,"Documents":2,"Frames":2,"JSEventListeners":245,"Nodes":14131,"LayoutCount":40,"RecalcStyleCount":203,"LayoutDuration":0.651044,"RecalcStyleDuration":1.884602,"ScriptDuration":2.263983,"TaskDuration":5.457348,"JSHeapUsedSize":34625704,"JSHeapTotalSize":68464640},"performanceObj":{"timeOrigin":1573927882213.78,"timing":{"navigationStart":1573927882213,"unloadEventStart":1573927882331,"unloadEventEnd":1573927882331,"redirectStart":1573927882214,"redirectEnd":1573927882263,"fetchStart":1573927882263,"domainLookupStart":1573927882263,"domainLookupEnd":1573927882263,"connectStart":1573927882263,"connectEnd":1573927882263,"secureConnectionStart":0,"requestStart":1573927882264,"responseStart":1573927882327,"responseEnd":1573927882328,"domLoading":1573927882335,"domInteractive":1573927884401,"domContentLoadedEventStart":1573927884401,"domContentLoadedEventEnd":1573927884431,"domComplete":1573927884551,"loadEventStart":1573927884551,"loadEventEnd":1573927884551},"navigation":{"type":0,"redirectCount":1}}}
