{"dateObj":"16/11/2019 03:11:33","totalMsgsObj":393,"domDurationObj":0.169,"miniMongoDurationObj":null,"metricObj":{"Timestamp":5498406.863178,"Documents":2,"Frames":2,"JSEventListeners":245,"Nodes":14131,"LayoutCount":40,"RecalcStyleCount":219,"LayoutDuration":0.705647,"RecalcStyleDuration":1.972238,"ScriptDuration":2.339162,"TaskDuration":5.805111,"JSHeapUsedSize":36491568,"JSHeapTotalSize":66629632},"performanceObj":{"timeOrigin":1573927882097.588,"timing":{"navigationStart":1573927882097,"unloadEventStart":1573927882212,"unloadEventEnd":1573927882212,"redirectStart":1573927882098,"redirectEnd":1573927882148,"fetchStart":1573927882148,"domainLookupStart":1573927882148,"domainLookupEnd":1573927882148,"connectStart":1573927882148,"connectEnd":1573927882148,"secureConnectionStart":0,"requestStart":1573927882149,"responseStart":1573927882206,"responseEnd":1573927882208,"domLoading":1573927882214,"domInteractive":1573927884291,"domContentLoadedEventStart":1573927884291,"domContentLoadedEventEnd":1573927884322,"domComplete":1573927884424,"loadEventStart":1573927884424,"loadEventEnd":1573927884424},"navigation":{"type":0,"redirectCount":1}}}
