{
    "metricObj": {
        "Timestamp": 3147.711433,
        "Documents": 2,
        "Frames": 2,
        "JSEventListeners": 251,
        "Nodes": 5238,
        "LayoutCount": 702,
        "RecalcStyleCount": 1701,
        "LayoutDuration": 0.441384,
        "RecalcStyleDuration": 1.478438,
        "ScriptDuration": 2.029201,
        "TaskDuration": 8.763576,
        "JSHeapUsedSize": 22164600,
        "JSHeapTotalSize": 25473024
    },
    "performanceObj": {
        "timeOrigin": 1572009168044.5237,
        "timing": {
            "navigationStart": 1572009168044,
            "unloadEventStart": 1572009168425,
            "unloadEventEnd": 1572009168425,
            "redirectStart": 1572009168053,
            "redirectEnd": 1572009168250,
            "fetchStart": 1572009168250,
            "domainLookupStart": 1572009168250,
            "domainLookupEnd": 1572009168250,
            "connectStart": 1572009168250,
            "connectEnd": 1572009168250,
            "secureConnectionStart": 0,
            "requestStart": 1572009168254,
            "responseStart": 1572009168417,
            "responseEnd": 1572009168420,
            "domLoading": 1572009168430,
            "domInteractive": 1572009171276,
            "domContentLoadedEventStart": 1572009171277,
            "domContentLoadedEventEnd": 1572009171305,
            "domComplete": 1572009171633,
            "loadEventStart": 1572009171634,
            "loadEventEnd": 1572009171634
        },
        "navigation": {
            "type": 0,
            "redirectCount": 1
        }
    }
}