{
    "metricObj": {
        "Timestamp": 3123.523745,
        "Documents": 2,
        "Frames": 2,
        "JSEventListeners": 219,
        "Nodes": 5205,
        "LayoutCount": 496,
        "RecalcStyleCount": 916,
        "LayoutDuration": 0.335671,
        "RecalcStyleDuration": 0.386954,
        "ScriptDuration": 1.64129,
        "TaskDuration": 4.664204,
        "JSHeapUsedSize": 20694776,
        "JSHeapTotalSize": 23900160
    },
    "performanceObj": {
        "timeOrigin": 1572009168039.5447,
        "timing": {
            "navigationStart": 1572009168039,
            "unloadEventStart": 1572009168390,
            "unloadEventEnd": 1572009168390,
            "redirectStart": 1572009168047,
            "redirectEnd": 1572009168221,
            "fetchStart": 1572009168221,
            "domainLookupStart": 1572009168221,
            "domainLookupEnd": 1572009168221,
            "connectStart": 1572009168221,
            "connectEnd": 1572009168221,
            "secureConnectionStart": 0,
            "requestStart": 1572009168225,
            "responseStart": 1572009168385,
            "responseEnd": 1572009168386,
            "domLoading": 1572009168398,
            "domInteractive": 1572009171279,
            "domContentLoadedEventStart": 1572009171279,
            "domContentLoadedEventEnd": 1572009171307,
            "domComplete": 1572009171637,
            "loadEventStart": 1572009171637,
            "loadEventEnd": 1572009171637
        },
        "navigation": {
            "type": 0,
            "redirectCount": 1
        }
    }
}