{
    "metricObj": {
        "Timestamp": 1915.391098,
        "Documents": 1,
        "Frames": 1,
        "JSEventListeners": 212,
        "Nodes": 786,
        "LayoutCount": 46,
        "RecalcStyleCount": 98,
        "LayoutDuration": 0.13931,
        "RecalcStyleDuration": 0.133127,
        "ScriptDuration": 1.214914,
        "TaskDuration": 2.072402,
        "JSHeapUsedSize": 28583560,
        "JSHeapTotalSize": 60600320
    },
    "performanceObj": {
        "timeOrigin": 1572007973014.657,
        "timing": {
            "navigationStart": 1572007973014,
            "unloadEventStart": 1572007973376,
            "unloadEventEnd": 1572007973376,
            "redirectStart": 1572007973018,
            "redirectEnd": 1572007973193,
            "fetchStart": 1572007973193,
            "domainLookupStart": 1572007973193,
            "domainLookupEnd": 1572007973193,
            "connectStart": 1572007973193,
            "connectEnd": 1572007973193,
            "secureConnectionStart": 0,
            "requestStart": 1572007973197,
            "responseStart": 1572007973358,
            "responseEnd": 1572007973362,
            "domLoading": 1572007973387,
            "domInteractive": 1572007978368,
            "domContentLoadedEventStart": 1572007978368,
            "domContentLoadedEventEnd": 1572007978395,
            "domComplete": 1572007978718,
            "loadEventStart": 1572007978718,
            "loadEventEnd": 1572007978718
        },
        "navigation": {
            "type": 0,
            "redirectCount": 1
        }
    }
}