{
    "metricObj": {
        "Timestamp": 1915.440289,
        "Documents": 1,
        "Frames": 1,
        "JSEventListeners": 213,
        "Nodes": 786,
        "LayoutCount": 46,
        "RecalcStyleCount": 99,
        "LayoutDuration": 0.145655,
        "RecalcStyleDuration": 0.120513,
        "ScriptDuration": 1.224006,
        "TaskDuration": 2.094747,
        "JSHeapUsedSize": 20754760,
        "JSHeapTotalSize": 51949568
    },
    "performanceObj": {
        "timeOrigin": 1572007973003.2979,
        "timing": {
            "navigationStart": 1572007973003,
            "unloadEventStart": 1572007973349,
            "unloadEventEnd": 1572007973349,
            "redirectStart": 1572007973005,
            "redirectEnd": 1572007973169,
            "fetchStart": 1572007973169,
            "domainLookupStart": 1572007973169,
            "domainLookupEnd": 1572007973169,
            "connectStart": 1572007973169,
            "connectEnd": 1572007973169,
            "secureConnectionStart": 0,
            "requestStart": 1572007973173,
            "responseStart": 1572007973336,
            "responseEnd": 1572007973339,
            "domLoading": 1572007973361,
            "domInteractive": 1572007978377,
            "domContentLoadedEventStart": 1572007978377,
            "domContentLoadedEventEnd": 1572007978409,
            "domComplete": 1572007978732,
            "loadEventStart": 1572007978732,
            "loadEventEnd": 1572007978732
        },
        "navigation": {
            "type": 0,
            "redirectCount": 1
        }
    }
}