{
    "metricObj": {
        "Timestamp": 2545.159162,
        "Documents": 2,
        "Frames": 2,
        "JSEventListeners": 188,
        "Nodes": 5167,
        "LayoutCount": 45,
        "RecalcStyleCount": 97,
        "LayoutDuration": 0.163732,
        "RecalcStyleDuration": 0.123529,
        "ScriptDuration": 1.723833,
        "TaskDuration": 2.902898,
        "JSHeapUsedSize": 20636960,
        "JSHeapTotalSize": 23638016
    },
    "performanceObj": {
        "timeOrigin": 1572008577234.9177,
        "timing": {
            "navigationStart": 1572008577234,
            "unloadEventStart": 1572008577607,
            "unloadEventEnd": 1572008577607,
            "redirectStart": 1572008577242,
            "redirectEnd": 1572008577420,
            "fetchStart": 1572008577420,
            "domainLookupStart": 1572008577420,
            "domainLookupEnd": 1572008577420,
            "connectStart": 1572008577420,
            "connectEnd": 1572008577420,
            "secureConnectionStart": 0,
            "requestStart": 1572008577425,
            "responseStart": 1572008577586,
            "responseEnd": 1572008577590,
            "domLoading": 1572008577619,
            "domInteractive": 1572008580876,
            "domContentLoadedEventStart": 1572008580876,
            "domContentLoadedEventEnd": 1572008580913,
            "domComplete": 1572008581264,
            "loadEventStart": 1572008581264,
            "loadEventEnd": 1572008581265
        },
        "navigation": {
            "type": 0,
            "redirectCount": 1
        }
    }
}