{
    "metricObj": {
        "Timestamp": 2545.157204,
        "Documents": 2,
        "Frames": 2,
        "JSEventListeners": 188,
        "Nodes": 5167,
        "LayoutCount": 43,
        "RecalcStyleCount": 98,
        "LayoutDuration": 0.147199,
        "RecalcStyleDuration": 0.110766,
        "ScriptDuration": 1.640729,
        "TaskDuration": 2.927407,
        "JSHeapUsedSize": 20589624,
        "JSHeapTotalSize": 23900160
    },
    "performanceObj": {
        "timeOrigin": 1572008577190.132,
        "timing": {
            "navigationStart": 1572008577190,
            "unloadEventStart": 1572008577547,
            "unloadEventEnd": 1572008577547,
            "redirectStart": 1572008577199,
            "redirectEnd": 1572008577368,
            "fetchStart": 1572008577368,
            "domainLookupStart": 1572008577368,
            "domainLookupEnd": 1572008577368,
            "connectStart": 1572008577368,
            "connectEnd": 1572008577368,
            "secureConnectionStart": 0,
            "requestStart": 1572008577370,
            "responseStart": 1572008577534,
            "responseEnd": 1572008577537,
            "domLoading": 1572008577558,
            "domInteractive": 1572008580828,
            "domContentLoadedEventStart": 1572008580828,
            "domContentLoadedEventEnd": 1572008580861,
            "domComplete": 1572008581264,
            "loadEventStart": 1572008581264,
            "loadEventEnd": 1572008581264
        },
        "navigation": {
            "type": 0,
            "redirectCount": 1
        }
    }
}