{
    "metricObj": {
        "Timestamp": 18189.369347,
        "Documents": 2,
        "Frames": 2,
        "JSEventListeners": 474,
        "Nodes": 5654,
        "LayoutCount": 473,
        "RecalcStyleCount": 710,
        "LayoutDuration": 0.267186,
        "RecalcStyleDuration": 0.478022,
        "ScriptDuration": 3.21105,
        "TaskDuration": 5.653238,
        "JSHeapUsedSize": 20817568,
        "JSHeapTotalSize": 34910208
    },
    "performanceObj": {
        "timeOrigin": 1572543107023.5442,
        "timing": {
            "navigationStart": 1572543107023,
            "unloadEventStart": 1572543107417,
            "unloadEventEnd": 1572543107417,
            "redirectStart": 1572543107028,
            "redirectEnd": 1572543107196,
            "fetchStart": 1572543107196,
            "domainLookupStart": 1572543107196,
            "domainLookupEnd": 1572543107196,
            "connectStart": 1572543107196,
            "connectEnd": 1572543107196,
            "secureConnectionStart": 0,
            "requestStart": 1572543107200,
            "responseStart": 1572543107398,
            "responseEnd": 1572543107400,
            "domLoading": 1572543107438,
            "domInteractive": 1572543109871,
            "domContentLoadedEventStart": 1572543109871,
            "domContentLoadedEventEnd": 1572543109904,
            "domComplete": 1572543110111,
            "loadEventStart": 1572543110111,
            "loadEventEnd": 1572543110111
        },
        "navigation": {
            "type": 0,
            "redirectCount": 1
        }
    }
}