{"Puppeteer2 Metric":{"Timestamp":29800.329267,"Documents":2,"Frames":2,"JSEventListeners":222,"Nodes":5344,"LayoutCount":45,"RecalcStyleCount":113,"LayoutDuration":0.162261,"RecalcStyleDuration":0.159478,"ScriptDuration":1.386521,"TaskDuration":2.887785,"JSHeapUsedSize":21348240,"JSHeapTotalSize":24424448},"Puppeteer2 Performance":{"timeOrigin":1571778410807.9731,"timing":{"navigationStart":1571778410807,"unloadEventStart":1571778411168,"unloadEventEnd":1571778411168,"redirectStart":1571778410824,"redirectEnd":1571778410991,"fetchStart":1571778410991,"domainLookupStart":1571778410991,"domainLookupEnd":1571778410991,"connectStart":1571778410991,"connectEnd":1571778410991,"secureConnectionStart":0,"requestStart":1571778410994,"responseStart":1571778411158,"responseEnd":1571778411160,"domLoading":1571778411180,"domInteractive":1571778414036,"domContentLoadedEventStart":1571778414036,"domContentLoadedEventEnd":1571778414067,"domComplete":1571778414466,"loadEventStart":1571778414466,"loadEventEnd":1571778414466},"navigation":{"type":0,"redirectCount":1}}}