{"dateObj":"20/11/2019 07:18:40","totalMsgsDomObj":9,"totalMsgsMiniMongoObj":9,"domDurationObj":0.001,"metricsObj":{"Timestamp":37376.761259,"Documents":1,"Frames":1,"JSEventListeners":221,"Nodes":949,"LayoutCount":41,"RecalcStyleCount":86,"LayoutDuration":0.148009,"RecalcStyleDuration":0.131305,"ScriptDuration":1.390101,"TaskDuration":2.006916,"JSHeapUsedSize":24442992,"JSHeapTotalSize":60600320},"performancesObj":{"timeOrigin":1574288315701.963,"timing":{"navigationStart":1574288315701,"unloadEventStart":1574288316062,"unloadEventEnd":1574288316062,"redirectStart":1574288315702,"redirectEnd":1574288315887,"fetchStart":1574288315887,"domainLookupStart":1574288315887,"domainLookupEnd":1574288315887,"connectStart":1574288315887,"connectEnd":1574288315887,"secureConnectionStart":0,"requestStart":1574288315889,"responseStart":1574288316055,"responseEnd":1574288316057,"domLoading":1574288316068,"domInteractive":1574288318505,"domContentLoadedEventStart":1574288318506,"domContentLoadedEventEnd":1574288318535,"domComplete":1574288318700,"loadEventStart":1574288318700,"loadEventEnd":1574288318700},"navigation":{"type":0,"redirectCount":1}}}
