{"dateObj":"20/11/2019 07:18:41","totalMsgsObj":9,"totalMsgsMiniMongoObj":9,"domDurationObj":0.001,"miniMongoDurationObj":0,"metricsObj":{"Timestamp":37376.964404,"Documents":1,"Frames":1,"JSEventListeners":222,"Nodes":945,"LayoutCount":41,"RecalcStyleCount":81,"LayoutDuration":0.165211,"RecalcStyleDuration":0.137486,"ScriptDuration":1.155712,"TaskDuration":1.909792,"JSHeapUsedSize":22297288,"JSHeapTotalSize":62173184},"performancesObj":{"timeOrigin":1574288315710.5889,"timing":{"navigationStart":1574288315710,"unloadEventStart":1574288316066,"unloadEventEnd":1574288316066,"redirectStart":1574288315710,"redirectEnd":1574288315894,"fetchStart":1574288315894,"domainLookupStart":1574288315894,"domainLookupEnd":1574288315894,"connectStart":1574288315894,"connectEnd":1574288315894,"secureConnectionStart":0,"requestStart":1574288315896,"responseStart":1574288316059,"responseEnd":1574288316061,"domLoading":1574288316071,"domInteractive":1574288318753,"domContentLoadedEventStart":1574288318753,"domContentLoadedEventEnd":1574288318782,"domComplete":1574288319109,"loadEventStart":1574288319109,"loadEventEnd":1574288319109},"navigation":{"type":0,"redirectCount":1}}}
